<?xml version="1.0" encoding="utf-8"?>
<resources>
    <string name="system_default">시스템 기본</string>
    <string name="more_language">더 보기</string>
    <!-- Header -->
    <string name="header_title">Tricky Addon</string>
    <!-- Help Menu-->
    <string name="help_help_instructions">설명서</string>
    <string name="help_save_and_update_description">현재 설정을 target.txt에 저장합니다.</string>
    <string name="help_select_denylist">DenyList에서 선택</string>
    <string name="help_select_denylist_description">(권장됨) Magisk 사용자만 사용할 수 있으며, DenyList에 포함된 앱을 선택합니다.</string>
    <string name="help_deselect_unnecessary">필요 없는 앱 선택 해제</string>
    <string name="help_deselect_unnecessary_description">불필요한 카테고리: Xposed 모듈, 루트 관리자, 루트 관련 앱, 및 부트로더 상태를 절대 확인하지 않는 일반 앱을 선택 해제합니다. 이 옵션은 인터넷 연결이 필요합니다.</string>
    <string name="help_add_system_app">시스템 앱 추가</string>
    <string name="help_add_system_app_description">특정 시스템 앱을 앱 리스트에 추가합니다.</string>
    <string name="help_set_keybox">AOSP 및 유효한 키박스 설정</string>
    <string name="help_set_keybox_description">Tricky Store의 keybox.xml을 교체합니다. 유효 키박스 옵션은 인터넷 연결이 필요하며 항상 사용할 수 있는 것은 아닙니다.</string>
    <string name="help_set_custom_keybox">유저 정의 키박스 설정</string>
    <string name="help_set_custom_keybox_description">기기 저장소에서 키박스를 가져옵니다. XML 파일만 지원됩니다.</string>
    <string name="help_set_security_patch">보안 패치 설정</string>
    <string name="help_set_security_patch_description">유저 정의 보안 패치 스푸핑을 설정합니다. 자동 구성은 PIF 모듈에서 보안 패치를 사용합니다. 빈 상태로 두고 저장하면 자동 구성을 비활성화합니다.</string>
    <string name="help_set_verified_boot_hash">Verified Boot 해시 설정</string>
    <string name="help_set_verified_boot_hash_description">Key Attestation Demo에서 검증된 verifiedBootHash 값을 가져옵니다. ro.boot.vbmeta.digest를 재설정하여 비정상적인 부팅 상태를 수정합니다.</string>
    <!-- Update -->
    <string name="update_update_available">새 버전이 준비되었습니다.</string>
    <string name="update_redirect_to_release">탭해서 최신 버전을 다운로드합니다.</string>
    <string name="update_changelog">변경 로그</string>
    <string name="update_install">설치</string>
    <string name="update_reboot">재부팅</string>
    <!-- Search -->
    <string name="search_bar_search_placeholder">검색</string>
    <!-- Functional Button -->
    <string name="functional_button_save">저장</string>
    <string name="functional_button_uninstall_webui">WebUI 제거</string>
    <string name="functional_button_cancel">취소</string>
    <string name="functional_button_confirm">확인</string>
    <!-- Loading -->
    <string name="loading_loading">로드 중...</string>
    <!-- Menu -->
    <string name="menu_refresh">새로 고침</string>
    <string name="menu_select_all">모두 선택</string>
    <string name="menu_deselect_all">모두 선택 해제</string>
    <string name="menu_select_denylist">DenyList에서 선택</string>
    <string name="menu_deselect_unnecessary">필요 없는 앱 선택 해제</string>
    <string name="menu_add_system_app">시스템 앱 추가</string>
    <string name="menu_set_verified_boot_hash">Verified Boot 해시 설정</string>
    <string name="menu_set_security_patch">보안 패치 설정</string>
    <string name="menu_set_devconfig">DevConfig 설정</string>
    <string name="menu_about">정보</string>
    <!-- Boot Hash -->
    <string name="boot_hash_title">부트 해시</string>
    <string name="boot_hash_input_placeholder">여기에 Verified Boot Hash 값을 입력하세요.</string>
    <!-- About -->
    <string name="about_module_name_line1">Tricky Addon</string>
    <string name="about_module_name_line2">Update Target List</string>
    <string name="about_by">by</string>
    <string name="about_telegram_channel">텔레그램 채널</string>
    <string name="about_canary_update">최신 canary 버전으로 업데이트하기</string>
    <string name="about_disclaimer">이 모듈은 Tricky Store 모듈의 일부가 아닙니다! 문제가 발생하더라도 Tricky Store에 절대로 보고하지 마십시오.</string>
    <string name="about_acknowledgment">크레딧</string>
    <!-- Prompt -->
    <string name="prompt_no_internet">인터넷 연결을 확인해주세요.</string>
    <string name="prompt_aosp_key_set">AOSP 키박스가 성공적으로 설정되었습니다.</string>
    <string name="prompt_key_set_error">키박스 갱신에 실패했습니다.</string>
    <string name="prompt_unknown_key_set">알 수 없는 키박스가 성공적으로 설정되었습니다.</string>
    <string name="prompt_valid_key_set">유효 키박스가 성공적으로 설정되었습니다.</string>
    <string name="prompt_no_valid">유효 키박스를 찾을수 없습니다.</string>
    <string name="prompt_boot_hash_set">Verified Boot 해시가 성공적으로 설정되었습니다.</string>
    <string name="prompt_boot_hash_set_error">Verified Boot 설정에 실패했습니다.</string>
    <string name="prompt_saved_target">target.txt에 설정을 저장했습니다.</string>
    <string name="prompt_save_error">설정 저장에 실패했습니다.</string>
    <string name="prompt_uninstall_prompt">재부팅 후 WebUI가 제거됩니다.</string>
    <string name="prompt_uninstall_failed">WebUI 제거에 실패했습니다.</string>
    <string name="prompt_checking_update">업데이트 확인 중...</string>
    <string name="prompt_new_update">새 업데이트가 있습니다!</string>
    <string name="prompt_no_update">현재 업데이트가 없습니다.</string>
    <string name="prompt_downloading">새 업데이트 다운로드 중...</string>
    <string name="prompt_downloaded">다운로드 완료</string>
    <string name="prompt_download_fail">업데이트 다운로드에 실패했습니다.</string>
    <string name="prompt_installing">업데이트 설치 중...</string>
    <string name="prompt_installed">설치가 성공적으로 완료되었습니다. 지금 재부팅해 주세요.</string>
    <string name="prompt_install_fail">설치에 실패했습니다. 수동으로 업데이트해 주세요.</string>
    <string name="prompt_rebooting">재부팅 중...</string>
    <string name="prompt_reboot_fail">재부팅에 실패했습니다. 수동으로 재부팅해 주세요.</string>
    <string name="prompt_custom_key_set">유저 정의 키박스가 성공적으로 설정되었습니다.</string>
    <string name="prompt_custom_key_set_error">유저 정의 키박스 설정에 실패했습니다.</string>
    <string name="prompt_no_file_selected">선택된 파일이 없습니다.</string>
    <string name="prompt_system_app_not_found">시스탬 앱을 찾을수 없습니다.</string>
    <string name="prompt_system_app_error">시스탬 앱 추가에 실패했습니다.</string>
    <!-- Security Patch -->
    <string name="security_patch_title">보안 패치</string>
    <string name="security_patch_advanced_mode">고급</string>
    <string name="security_patch_get_date">보안 패치 날짜 가져오기</string>
    <string name="security_patch_auto">자동</string>
    <string name="security_patch_fetching">가져오는 중...</string>
    <string name="security_patch_fetched">완료</string>
    <string name="security_patch_get_failed">보안 패치 날짜 취득에 실패했습니다.</string>
    <string name="security_patch_unable_to_connect">source.android.com에 연결할 수 없습니다.</string>
    <string name="security_patch_auto_success">자동 설정이 켜졌습니다.</string>
    <string name="security_patch_auto_failed">자동 설정 활성화에 실패했습니다.</string>
    <string name="security_patch_save_success">보안 패치를 성공적으로 저장했습니다.</string>
    <string name="security_patch_save_failed">보안 패치 저장에 실패했습니다.</string>
    <string name="security_patch_value_empty">보안 패치 구성이 비활성화 되어 있습니다.</string>
    <string name="security_patch_invalid_all">잘못된 형식</string>
    <string name="security_patch_invalid_boot">잘못된 boot 형식</string>
    <string name="security_patch_invalid_system">잘못된 system 형식</string>
    <string name="security_patch_invalid_vendor">잘못된 vendor 형식</string>
    <!-- Add System App -->
    <string name="add_system_app_title">시스템 앱 추가</string>
    <string name="add_system_app_add">추가</string>
    <string name="add_system_app_current_list">현재 시스탬 앱 리스트</string>
    <!-- CustomKB Dialog -->
    <!-- Uninstall confirmation -->
    <string name="confirmation_uninstall_title">삭제 확인</string>
    <string name="confirmation_uninstall_message">정말 Tricky Addon을 삭제할까요?</string>
    <!-- Mode dialog -->
</resources>
